source,query_label,title,authors,year,journal,doi,url,abstract
PubMed,liver_ultrasound_segmentation_dl,AI-Assisted OCT Imaging for Core Needle Biopsy Guidance: The 1st in Humans Study.,"Iftimia, Nicusor; Yadav, Poonam; Primrose, Michael; Maguluri, Gopi; Jones, Jack et al.",2026,"Diagnostics (Basel, Switzerland)",10.1364/OL.39.006807,https://pubmed.ncbi.nlm.nih.gov/41828088/,
PubMed,nnunet_liver_ultrasound,Adapt or specialize? A comprehensive evaluation of adapted SAM versus task-specific CNNs for fetal abdominal segmentation.,"Fiorentino, Maria Chiara; Federici, Lorenzo; Camera, Alessandro Pietro La; Caiani, Enrico Gianluca",2026,Computer methods and programs in biomedicine,10.1016/j.cmpb.2025.109178,https://pubmed.ncbi.nlm.nih.gov/41313924/,"BACKGROUND: The fetal abdomen is crucial in prenatal screening, offering key insights into fetal growth and congenital anomalies. However, segmenting internal abdominal structures in ultrasound (US) remains challenging due to anatomical variability, overlapping organs, and low contrast. While CNN-based models have shown strong performance in fetal head analysis, most existing methods focus on biometric measurements (e.g., head or abdominal circumference), leaving internal abdominal organ segmentation largely underexplored. Recently, foundation models like the Segment Anything Model (SAM) have emerged as flexible alternatives, enabling zero- or few-shot segmentation. Yet, their performance on fetal US remains poorly understood, and the need for adaptation is still an open question. METHODS: We compare two segmentation strategies: (1) task-specific CNNs, including UNet, Attention UNet, nnUNet, DeepLabv3+, and their focal-loss variants; and (2) adapted SAM-based models. The latter includes zero-shot variants (SAMPoint, SAMBBox), pre-trained models (SAM Med2DBBox, MedSAMBBox), and adapted configurations, including lightweight fine-tuned models (SAM-LoRA, MedSAM-FrozenEncoder) and SAM Med2D variants with adapted layers. Experiments are conducted on a curated dataset of fetal abdominal US images with manual segmentations of the liver, stomach, artery, and umbilical vein. Performance is evaluated using Dice Similarity Coefficient, Intersection over Union, and precision. Statistical significance is assessed via pairwise Friedman chi-square tests. RESULTS & CONCLUSIONS: Zero-shot SAM variants performed poorly, particularly on small or low-contrast structures. In contrast, adapted SAM models consistently outperformed CNNs, reaching DSC scores up to 0.90 (liver) and 0.80 (artery). Prompt-based interaction enables semi-automated, human-in-the-loop workflows, supporting clinical applicability."
PubMed,liver_ultrasound_segmentation_dl,An Organ-Guided Lightweight Multi-frame Integration Network for Real-Time Abdominal Lesion Detection in Ultrasound Video Streams.,"Wang, Xinyi; Zhu, Mingliu; Zou, Yaoxian; Liu, Shuo; Zhang, Hongmei et al.",2026,Ultrasound in medicine & biology,10.1016/j.ultrasmedbio.2026.07.002,https://pubmed.ncbi.nlm.nih.gov/42570927/,"OBJECTIVE: Abdominal ultrasound is widely used for the routine screening of hepatobiliary and renal diseases because it is safe, inexpensive and broadly accessible. In daily clinical practice, however, lesion detection remains highly operator-dependent, particularly when sonographers must identify subtle abnormalities across different abdominal organs under low-contrast, noisy and continuously changing views. Missed or delayed recognition may affect subsequent diagnostic assessment and patient management. Although deep learning has shown promise in ultrasound analysis, most existing methods focus on single-organ or static-image settings, which limits their applicability to real-time abdominal screening. These challenges motivate the development of a unified real-time detection framework that can better support lesion identification in multi-organ ultrasound videos. METHODS: We propose the Organ-Guided Lightweight Multi-frame Integration (OGLMFI) framework based on YOLOv11 for unified lesion detection across the liver, gallbladder and kidney in ultrasound videos. The framework incorporates an Organ-Guided Feature Filtering module that uses organ segmentation priors to suppress background interference and enhance lesion discrimination. It also includes a Lightweight Multi-frame Integration module, which adopts a dual-branch fusion strategy to efficiently integrate temporal information from consecutive frames using only historical context, thereby preserving causal real-time inference. RESULTS: On the test set of 205 clinical videos (12,964 annotated frames), OGLMFI achieved a Recall of 0.691, a mean average precision at an intersection-over-union threshold of 0.5 (mAP50) of 0.703, an mAP50-95 of 0.510 and an inference speed of 52.3 frames per second. Compared with the YOLOv11-L baseline, OGLMFI improved Recall by 10.7%, mAP50 by 3.2% and mAP50-95 by 8.1%, while maintaining real-time performance. Among the evaluated methods, OGLMFI achieved the highest Recall, mAP50 and mAP50-95. Category-wise analysis further showed the highest average precision at an intersection-over-union threshold of 0.5 across all seven lesion categories, including 66.8% for gallbladder stone and 53.7% for gallbladder polyp. CONCLUSION: By integrating organ-guided feature filtering and causal multi-frame feature fusion, OGLMFI improves real-time lesion detection in abdominal ultrasound videos. The proposed framework provides a practical unified solution for lesion detection across three abdominal organs and may serve as a useful computer-aided tool for routine abdominal ultrasound screening."
PubMed,liver_ultrasound_segmentation_dl,Development and External Validation of an Efficient Deep Learning Model for Lesion Segmentation and Subtyping of Hepatic Echinococcosis in Ultrasound Imaging.,"He, Zhu; Qiu, Jiajun; Du, Chenlin; Yin, Jin; Zhang, Xuhui et al.",2026,Health care science,10.1002/mp.15548,https://pubmed.ncbi.nlm.nih.gov/42499638/,"BACKGROUND: Hepatic echinococcosis is a zoonotic parasitic disease common in remote, resource-limited pastoral regions. It mainly appears as cystic echinococcosis (CE), due to Echinococcus granulosus, and alveolar echinococcosis (AE), caused by multilocular Echinococcus species. CE can lead to biliary colic or vascular compression, while AE often mimics liver cancer and exhibits high long-term mortality. Although ultrasonography is the diagnostic method of choice, its accuracy is affected by imaging artifacts and operator variability. Conventional deep learning models are often computationally heavy and lack interpretability, limiting their use in underdeveloped areas. Integrating frequency- and spatial-domain features in a lightweight framework offers a promising solution for efficient segmentation and classification of hepatic echinococcosis. The aim of this study is to develop efficient deep learning models for hepatic echinococcosis segmentation and classification, facilitating large-scale screening with non-invasive, portable ultrasound imaging. METHODS: This study utilized a large ultrasound dataset to train and evaluate a deep learning model, consisting of 20,112 images from 4437 patients in Shiqu County, Sichuan Province, China, an endemic area for hepatic echinococcosis. To further assess the model's robustness, an external dataset comprising 3340 images from 1123 patients at West China Hospital of Sichuan University was used for additional testing. By enhancing the correlation of image features in both the frequency and spatial domains for hepatic echinococcosis ultrasound images, and incorporating segmentation features to assist the classification task, the developed model achieves high efficiency and lightness. RESULTS: The proposed model achieved a Dice coefficient of 80.67% and 78.12% for segmentation, and classification accuracy of 90.10% and 80.96% on the internal and external test sets, respectively. Compared to the lightweight state-of-the-art (SOTA) model, it improves inference speed by 43.48% and increases classification accuracy by 8.89% and 16.32% on internal and external test sets, respectively. Compared to the standard SOTA model, it is only 8% of its size but boosts inference speed by 821.37%, with classification accuracy improvements of 3.65% and 4.57% on internal and external test sets, respectively. CONCLUSIONS: The proposed model offers efficient and accurate hepatic echinococcosis diagnosis, with a lightweight design suitable for both resource-limited and advanced clinical settings."
PubMed,liver_ultrasound_segmentation_dl,Development and validation of a Random Forest prediction model integrating clinical and ultrasound radiomics features for microvascular invasion in hepatocellular carcinoma patients: a retrospective study.,"Makeshati, Aman; Du, Yuying; Xiaerfuhazi, Halida; Yang, Xiaoping",2026,Translational cancer research,10.3348/kjr.2025.0800,https://pubmed.ncbi.nlm.nih.gov/42445379/,"BACKGROUND: Microvascular invasion (MVI) is a pivotal driver of postoperative recurrence in hepatocellular carcinoma (HCC), yet its preoperative prediction remains a significant clinical challenge. Accurate preoperative MVI assessment is crucial for guiding surgical decisions, as patients with MVI-positive HCC may benefit from more aggressive resection margins or adjuvant therapies. Existing prediction models based on computed tomography (CT) or magnetic resonance imaging (MRI) radiomics are limited by high cost, limited availability in resource-constrained settings, radiation exposure (for CT), and contraindications (for MRI). In contrast, ultrasound, as the first-line imaging modality for HCC screening, offers unique advantages including real-time imaging capability, cost-effectiveness, portability, no radiation exposure, and widespread availability. However, predictive models based on ultrasound radiomics for MVI remain scarce. This study aimed to develop and validate a Random Forest model integrating clinical characteristics and ultrasound radiomics features for preoperative prediction of MVI in HCC patients. METHODS: A total of 224 HCC patients who underwent hepatectomy at the First Affiliated Hospital of Xinjiang Medical University between January 2023 and June 2025 were retrospectively enrolled. Patients were randomly split into training (n=157) and test (n=67) cohorts at a 7:3 ratio. MVI was diagnosed according to the Liver Cancer Pathology Group of China (LCPGC) consensus criteria. After standardizing ultrasound image preprocessing and tumor segmentation, 1,046 radiomic features were extracted. Following feature reduction via 10-fold cross-validated Least Absolute Shrinkage and Selection Operator (LASSO) regression, three machine learning models [Random Forest, backpropagation neural network (BPNN), and Nomogram] were developed and compared. RESULTS: The study cohort comprised 224 patients (mean age 57.9±6.2 years; 70.5% male), with MVI confirmed in 74 patients (33.0%). Patients were randomly split into training (n=157, MVI 31.8%) and test (n=67, MVI 35.8%) cohorts at a 7:3 ratio. Multivariate analysis identified maximum tumor diameter, alpha-fetoprotein (AFP), and vascular endothelial growth factor (VEGF) as independent clinical predictors of MVI (all P<0.05). LASSO regression selected four robust radiomics features. In the test cohort, the Random Forest model achieved an area under the receiver operating characteristic curve (AUC) of 0.908, with sensitivity of 79.2%, specificity of 81.4%, and accuracy of 80.6%, significantly outperforming both the BPNN model (AUC =0.675) and Nomogram model (AUC =0.755). Decision curve analysis confirmed the higher clinical utility of the Random Forest model. CONCLUSIONS: The Random Forest model integrating clinical characteristics and ultrasound radiomics features demonstrated favorable predictive performance for the preoperative assessment of MVI in HCC patients. However, given the retrospective, single-center design and relatively small sample size, these findings should be interpreted with caution. This model holds potential as a cost-effective, noninvasive tool to support individualized surgical planning. Further external validation in multi-center cohorts is warranted before clinical implementation."
PubMed,liver_ultrasound_segmentation_dl,From promise to practice: a scoping review of AI applications in abdominal radiology.,"Fotis, Anastasia; Lalwani, Neeraj; Gupta, Pankaj; Yee, Judy",2026,Abdominal radiology (New York),10.3389/fmed.2023.1305756,https://pubmed.ncbi.nlm.nih.gov/40719923/,"AI is rapidly transforming abdominal radiology. This scoping review mapped current applications across segmentation, detection, classification, prediction, and workflow optimization based on 432 studies published between 2019 and 2024. Most studies focused on CT imaging, with fewer involving MRI, ultrasound, or X-ray. Segmentation models (e.g., U-Net) performed well in liver and pancreatic imaging (Dice coefficient 0.65-0.90). Classification models (e.g., ResNet, DenseNet) were commonly used for diagnostic labeling, with reported sensitivities ranging from 52 to 100% and specificities from 40.7 to 99%. A small number of studies employed true object detection models (e.g., YOLOv3, YOLOv7, Mask R-CNN) capable of spatial lesion localization, marking an emerging trend toward localization-based AI. Predictive models demonstrated AUCs between 0.62 and 0.99 but often lacked interpretability and external validation. Workflow optimization studies reported improved efficiency (e.g., reduced report turnaround and scan repetition), though standardized benchmarks were often missing. Major gaps identified include limited real-world validation, underuse of non-CT modalities, and unclear regulatory pathways. Successful clinical integration will require robust validation, practical implementation, and interdisciplinary collaboration."
PubMed,liver_ultrasound_segmentation_dl,"Incorporating artificial intelligence into imaging for surveillance and diagnosis of liver cancer: Innovations, challenges, and clinical translation.","Ronot, Maxime; Calderaro, Julien",2026,"Hepatology (Baltimore, Md.)",10.1101/2025.07.16.2533164,https://pubmed.ncbi.nlm.nih.gov/41616271/,"Primary liver cancer, mainly HCC and intrahepatic cholangiocarcinoma, remains a leading cause of cancer mortality worldwide. Early detection is crucial for curative treatment, yet current surveillance and diagnostic strategies, primarily ultrasound surveillance and contrast-enhanced CT or MRI, suffer from operator dependence, limited sensitivity, and interpretive variability. Artificial intelligence (AI) offers transformative potential across the liver cancer continuum, from surveillance to diagnosis and pathology. Deep learning-based models have improved ultrasound detection of small liver tumors, enabling automated triage and reducing workload. On CT and MRI, AI systems achieve expert-level performance for lesion detection, segmentation, and characterization, supporting standardized interpretation through frameworks such as liver imaging reporting and data system. In digital pathology, AI algorithms can distinguish between HCC and cholangiocarcinoma, classify dysplastic nodules, and even predict future cancer development from biopsy slides. Recent advances in foundation models and multimodal AI promise to unify radiology, pathology, and molecular data, paving the way for comprehensive, patient-specific disease modeling. However, widespread clinical integration faces major challenges, including data privacy, regulatory approval, cost sustainability, and algorithmic bias. Large, prospective multicenter validation studies are essential to confirm clinical benefit and safety. Ultimately, the careful implementation of trustworthy and explainable AI tools could enable earlier detection, greater diagnostic precision, and more equitable liver cancer care."
PubMed,nnunet_liver_ultrasound,Integrated multi-task learning framework for hepatocellular carcinoma segmentation and histological grading using fused multi-phase MRI.,"You, Zhihui; Wang, Yuanru; Zhou, Shili",2026,Abdominal radiology (New York),10.1088/1361-6560/abf2f8,https://pubmed.ncbi.nlm.nih.gov/41160193/,"OBJECTIVE: This study aims to develop and validate an integrated multi-task framework for hepatocellular carcinoma analysis by combining deep learning-based segmentation with radiomics-based histological grading using fused multi-phase MRI. MATERIALS AND METHODS: In this retrospective study, MRI data from 1673 patients with histopathologically confirmed hepatocellular carcinoma (875 high-grade, 798 low-grade) were analyzed. Arterial-phase and portal-venous-phase T1-weighted images were acquired using a standardized, bolus-tracking protocol to ensure consistent contrast timing. Six segmentation models, Vision Transformer, nnU-Net, U-Net, DeepLabV3+, Swin Transformer, and SegNet, were trained on arterial, portal-venous, and fused (wavelet-based) MRI data. Radiomic features (n = 215) were extracted from segmented tumor volumes and pre-filtered to remove multicollinearity. Feature refinement was performed using Lasso, Recursive Feature Elimination (RFE), and ANOVA. Tumor grade classification was conducted using TabTransformer, TabNet, XGBoost, and CatBoost. Five-fold cross-validation and an independent test set were used for robust evaluation. Standardized preprocessing, including intensity normalization, bias field correction, and inter-phase registration, ensured consistent image quality and analytical reproducibility. RESULTS: The proposed framework achieved high segmentation accuracy with DSC scores above 0.92 across fused MRI images. Classification performance was exceptional, with training accuracy reaching 93.2% and testing accuracy 92.5%, while AUC values exceeded 96% in the fused modality. Comparative analyses revealed that the Transformer-RFE-Fused model outperformed alternative architectures, demonstrating superior generalization and robust feature learning. In addition, SHAP analysis confirmed the high contribution of key radiomic features, and t-SNE visualizations illustrated clear separation between low-grade and high-grade tumors. These results validate the efficacy of our multi-task learning approach in enhancing HCC tumor segmentation and grading. Our evaluation underscores the clinical potential of our integrated framework for accurate, reproducible, and interpretable HCC diagnosis. CONCLUSIONS: Our integrated multi-task learning framework markedly improves HCC tumor segmentation and grading. Transformer-RFE-Fused (Wavelet) MRI offers superior accuracy and robustness, efficiently paving the way for enhanced clinical decision-making."
PubMed,liver_ultrasound_segmentation_dl,M²B-Net: a lightweight multi-scale multi-attention boundary-aware network for liver tumor segmentation from CT images.,"Wang, Fang; Wang, Haoran; Liu, Limin; Peng, Fei",2026,Scientific reports,10.1038/s41598-026-58315-2,https://pubmed.ncbi.nlm.nih.gov/42297893/," Liver tumor segmentation from CT images remains challenging due to large variations in lesion scale, blurred boundaries, low tissue contrast, and the high computational cost of existing deep learning models. This study aims to develop a lightweight yet accurate segmentation network suitable for clinical deployment. We propose a Multi-scale Multi-attention Boundary-aware Network (M²B-Net) based on a U-shaped encoder-decoder architecture, integrating four modules: Multi-Dimensional Spatial-Location Attention (MDSLA) for feature enhancement across encoder scales, Manhattan Self-Attention (MaSA) for global dependency modeling, Multi-Scale Feature Refinement Module (MSFRM) for cross-scale feature alignment, and Boundary-Convolution Attention Module (BCAM) for edge detail enhancement. A weighted composite loss function combining cross-entropy and Dice loss is used. Experiments were conducted on the public LiTS dataset. M²B-Net achieved a Dice coefficient of 0.77 ± 0.13, volumetric overlap error of 0.35 ± 0.15, average symmetric surface distance of 2.99 ± 2.03 mm, and maximum symmetric surface distance of 5.20 ± 3.07 mm. The model contains 21.7 million parameters and 28.5 GFLOPs, with a training time of 4.1 h and testing time of 37 s per case. Ablation and comparative experiments confirmed the contribution of each module and showed superior performance over SegNet, TD-Net, SBC-Net, and RIS-UNet. M²B-Net effectively addresses multi-scale adaptation, weak boundary capture, and global context modeling in liver tumor segmentation while maintaining a lightweight architecture, demonstrating strong potential for rapid and accurate clinical deployment in resource-constrained settings."
PubMed,liver_ultrasound_segmentation_dl,Revolutionizing Liver Imaging: Artificial Intelligence-Driven Advances in Diagnostics and Staging.,"Devkota, Shritik; Bhujade, Harish; Kalra, Naveen",2026,Journal of clinical and experimental hepatology,10.34133/research.1029,https://pubmed.ncbi.nlm.nih.gov/41631125/,"Artificial intelligence (AI) has emerged as a transformative tool in liver imaging, offering enhanced diagnostic accuracy, efficiency, and reproducibility. The integration of machine learning and deep learning algorithms into radiological workflows has shown significant promise across a wide range of liver diseases. Key applications include automated liver segmentation on computed tomography (CT) and magnetic resonance imaging (MRI), enabling accurate liver volumetry and lesion localization. In metabolic dysfunction-associated steatotic liver disease, AI facilitates the detection and quantification of hepatic steatosis using advanced image analysis on ultrasound, CT, and MRI, providing a non-invasive alternative to biopsy. AI algorithms also demonstrate strong performance in detecting, classifying, and characterizing focal liver lesions such as hemangioma, focal nodular hyperplasia, hepatocellular carcinoma (HCC), and metastases, improving lesion conspicuity, standardizing reporting through LI-RADS, and reducing inter-observer variability. Beyond diagnosis, AI is increasingly applied for risk stratification and prognostication in HCC, integrating imaging, clinical, and laboratory data to predict tumor development, aggressiveness, treatment response, and survival outcomes. Despite these advances, the clinical implementation of AI in liver imaging faces notable challenges such as the need for data harmonization across scanners and institutions, rigorous validation in diverse patient populations, regulatory approval, and ethical considerations surrounding patient privacy, algorithmic bias, and transparency. Addressing these limitations through robust research, multi-center studies, and carefully designed clinical integration strategies is essential to safely and effectively harness AI's potential. With continued development and validation, AI has the capacity to enhance diagnostic workflows, enable precision medicine, and ultimately improve patient outcomes in hepatology."
PubMed,liver_ultrasound_segmentation_dl,A Bi-modal Temporal Segmentation Network for Automated Segmentation of Focal Liver Lesions in Dynamic Contrast-enhanced Ultrasound.,"Duan, Yu; Shi, Siyuan; Long, Haiyi; Zhong, Xian; Tan, Yang et al.",2025,Ultrasound in medicine & biology,10.1016/j.ultrasmedbio.2024.12.014,https://pubmed.ncbi.nlm.nih.gov/39952824/,"OBJECTIVE: To develop and validate an automated deep learning-based model for focal liver lesion (FLL) segmentation in a dynamic contrast-enhanced ultrasound (CEUS) video. METHODS: In this multi-center and retrospective study, patients with FLL who underwent dynamic CEUS exam were included from September 2021 to December 2021 (model development and internal test sets), and from March 2023 to May 2023 (external test sets). A bi-modal temporal segmentation network (BTS-Net) was developed and its performance was evaluated using Dice score, intersection over union (IoU) and Hausdorff distance, and compared against several segmentation methods. Time-intensity curves (TICs) were obtained automatically from BTS-Net and manually de-lineated by an experienced radiologist, and evaluated by intra-class correlation and Pearson correlation co-efficients. Multiple characteristics were analyzed to evaluate the influencing factors of BTS-Net. RESULTS: A total of 232 patients (160 men, median age 56 y) with single FLL were enrolled. BTS-Net achieved mean Dice scores of 0.78, 0.74 and 0.80, mean IoUs of 0.67, 0.62 and 0.68, and mean Hausdorff distances of 15.83, 16.01 and 15.04 in the internal test set and two external test sets, respectively. The mean intra-class correlation and Pearson correlation co-efficients of TIC were 0.89, 0.92 and 0.98, and 0.91, 0.93 and 0.99, respectively. BTS-Net demonstrated a significantly higher mean Dice score and IoU in large (0.82, 0.72), homogeneous positive enhanced (0.81, 0.70) or stable (0.81, 0.70) lesions in pooled test sets. CONCLUSION: Our study proposed BTS-Net for automated FLL segmentation of dynamic CEUS video, achieving favorable performance in the test sets. Downstream TIC generation based on BTS-Net performed well, demonstrating its potential as an effective segmentation tool in clinical practice."
PubMed,liver_ultrasound_segmentation_dl,AI-assisted anatomical structure recognition and segmentation via mamba-transformer architecture in abdominal ultrasound images.,"Chang, Shih-Fang; Wu, Po-Yi; Tsai, Ming-Chang; Tseng, Vincent S; Wang, Chi-Chih",2025,Frontiers in artificial intelligence,10.1016/j.compmedimag.2024.102338,https://pubmed.ncbi.nlm.nih.gov/40771938/,"BACKGROUND: Abdominal ultrasonography is a primary diagnostic tool for evaluating medical conditions within the abdominal cavity. Accurate determination of the relative locations of intra-abdominal organs and lesions based on anatomical features in ultrasound images is essential in diagnostic sonography. Recognizing and extracting anatomical landmarks facilitates lesion evaluation and enhances diagnostic interpretation. Recent artificial intelligence (AI) segmentation methods employing deep neural networks (DNNs) and transformers encounter computational efficiency challenges to balance the preservation of feature dependencies information with model efficiency, limiting their clinical applicability. METHODS: The anatomical structure recognition framework, MaskHybrid, was developed using a private dataset comprising 34,711 abdominal ultrasound images of 2,063 patients from CSMUH. The dataset included abdominal organs and vascular structures (hepatic vein, inferior vena cava, portal vein, gallbladder, kidney, pancreas, spleen) and liver lesions (hepatic cyst, tumor). MaskHybrid adopted a mamba-transformer hybrid architecture consisting of an evolved backbone network, encoder, and corresponding decoder to capture long-range spatial dependencies and contextual information effectively, demonstrating improved image segmentation capabilities in visual tasks while mitigating the computational burden associated with the transformer-based attention mechanism. RESULTS: Experiments on the retrospective dataset achieved a mean average precision (mAP) score of 74.13% for anatomical landmarks segmentation in abdominal ultrasound images. Our proposed framework outperformed baselines across most organ and lesion types and effectively segmented challenging anatomical structures. Moreover, MaskHybrid exhibited a significantly shorter inference time (0.120 ± 0.013 s), achieving 2.5 times faster than large-sized AI models of similar size. Combining Mamba and transformer architectures, this hybrid design was well-suited for the timely analysis of complex anatomical structures segmentation in abdominal ultrasonography, where accuracy and efficiency are critical in clinical practice. CONCLUSION: The proposed mamba-transformer hybrid recognition framework simultaneously detects and segments multiple abdominal organs and lesions in ultrasound images, achieving superior segmentation accuracy, visualization effect, and inference efficiency, thereby facilitating improved medical image interpretation and near real-time diagnostic sonography that meets clinical needs."
PubMed,liver_ultrasound_segmentation_dl,Attention residual network for medical ultrasound image segmentation.,"Liu, Honghua; Zhang, Peiqin; Hu, Jiamin; Huang, Yini; Zuo, Shanshan et al.",2025,Scientific reports,10.1016/j.compbiomed.2022.106438,https://pubmed.ncbi.nlm.nih.gov/40595803/,"Ultrasound imaging can distinctly display the morphology and structure of internal organs within the human body, enabling the examination of organs like the breast, liver, and thyroid. It can identify the locations of tumors, nodules, and other lesions, thereby serving as an efficacious tool for treatment detection and rehabilitation evaluation. Typically, the attending physician is required to manually demarcate the boundaries of lesion locations, such as tumors, in ultrasound images. Nevertheless, several issues exist. The high noise level in ultrasound images, the degradation of image quality due to the impact of surrounding tissues, and the influence of the operator's experience and proficiency on the determination of lesion locations can all contribute to a reduction in the accuracy of delineating the boundaries of lesion sites. In the wake of the advancement of deep learning, its application in medical image segmentation is becoming increasingly prevalent. For instance, while the U-Net model has demonstrated a favorable performance in medical image segmentation, the convolution layers of the traditional U-Net model are relatively simplistic, leading to suboptimal extraction of global information. Moreover, due to the significant noise present in ultrasound images, the model is prone to interference. In this research, we propose an Attention Residual Network model (ARU-Net). By incorporating residual connections within the encoder section, the learning capacity of the model is enhanced. Additionally, a spatial hybrid convolution module is integrated to augment the model's ability to extract global information and deepen the vertical architecture of the network. During the feature fusion stage of the skip connections, a channel attention mechanism and a multi-convolutional self-attention mechanism are respectively introduced to suppress noisy points within the fused feature maps, enabling the model to acquire more information regarding the target region. Finally, the predictive efficacy of the model was evaluated using publicly accessible breast ultrasound and thyroid ultrasound data. The ARU-Net achieved mean Intersection over Union (mIoU) values of 82.59% and 84.88%, accuracy values of 97.53% and 96.09%, and F1-score values of 90.06% and 89.7% for breast and thyroid ultrasound, respectively."
Arxiv,nnunet_liver_ultrasound,Automatic segmentation of colorectal liver metastases for ultrasound-based navigated resection,Tiziano Natali; Karin A. Olthof; Niels F. M. Kok; Koert F. D. Kuhlmann; Theo J. M. Ruers et al.,2025,arXiv preprint,,http://arxiv.org/abs/2511.05253v1,"Introduction: Accurate intraoperative delineation of colorectal liver metastases (CRLM) is crucial for achieving negative resection margins but remains challenging using intraoperative ultrasound (iUS) due to low contrast, noise, and operator dependency. Automated segmentation could enhance precision and efficiency in ultrasound-based navigation workflows.   Methods: Eighty-five tracked 3D iUS volumes from 85 CRLM patients were used to train and evaluate a 3D U-Net implemented via the nnU-Net framework. Two variants were compared: one trained on full iUS volumes and another on cropped regions around tumors. Segmentation accuracy was assessed using Dice Similarity Coefficient (DSC), Hausdorff Distance (HDist.), and Relative Volume Difference (RVD) on retrospective and prospective datasets. The workflow was integrated into 3D Slicer for real-time intraoperative use.   Results: The cropped-volume model significantly outperformed the full-volume model across all metrics (AUC-ROC = 0.898 vs"
PubMed,nnunet_liver_ultrasound,Comprehensive images and serum biomarkers for biliary atresia and other cholestasis in pediatrics.,"Liu, Shuyi; Zhang, Rui; Yu, Yongshang; Geng, Chunyixue; Ma, Hongbin et al.",2025,Scientific data,10.6084/m9.figshare.27274026,https://pubmed.ncbi.nlm.nih.gov/41068105/,"Biliary atresia (BA) and other pediatric cholestatic diseases are rare but serious conditions that require early and accurate diagnosis. Ultrasound has become the primary diagnostic method for BA, particularly for evaluating gallbladder contractility through fasting and postprandial comparisons. However, there is currently a lack of publicly available datasets containing paired fasting-postprandial gallbladder ultrasound images, other key sonographic features, and relevant serum biochemical indicators. The dataset consisted of 2,759 ultrasound images obtained from 1,019 infants diagnosed with cholestatic diseases. This included 377 BA cases (664 fasting and 328 post-prandial images) and 642 non-BA cases (1,004 fasting and 580 post-prandial images). Additionally, 183 images documenting abnormal ultrasonographic findings such as triangular cord sign, dilated hepatic artery, and hilar hepatic cysts, and relevant hepatic biochemical indicators were also collected. The study implemented nnU-Net to perform automated gallbladder segmentation across both fasting and postprandial ultrasound examinations. The dataset represents a valuable resource for enhancing the diagnostic accuracy of BA and facilitating the development of clinical decision-support system."
PubMed,nnunet_liver_ultrasound,Deep learning model for assessing survival benefits in hepatocellular carcinoma patients undergoing intra-arterial therapies based on proliferative subtype.,"Cao, Fei; An, Chao; Li, Shaolong; Hu, Xiaochun; Li, Da et al.",2025,NPJ digital medicine,10.3389/fimmu.2022.1013248,https://pubmed.ncbi.nlm.nih.gov/41258471/,"The proliferative hepatocellular carcinoma (HCC) subtype is associated with aggressive disease and poor prognosis, yet it remains challenging to identify non-invasively. This retrospective multicenter study developed a multitask deep learning system for detecting proliferative HCC and predicting survival after intra-arterial therapy (IAT). Contrast-enhanced CT scans from two cohorts (surgical resection, n = 398; unresectable HCC receiving transarterial chemoembolization or hepatic arterial infusion chemotherapy, n = 1749) were analyzed using an nnUNet-based segmentation pipeline for liver and tumor delineation. A novel Prototype Mamba Net (PMN) architecture was created to extract imaging features indicative of proliferative biology. The model achieved AUCs of 0.825 (95% CI: 0.781-0.884) and 0.792 (95% CI: 0.732-0.841) on training and testing sets, respectively, for detecting proliferative HCC. Prognostic nomograms combining radiomic and clinical variables outperformed traditional staging systems (time-dependent AUC: 0.83-0.87; integrated Brier score: 0.12 versus 0.18-0.23, all P < 0.001). Among low-risk patients, no significant difference in survival was observed. However, for high-risk patients, HAIC showed a significant survival benefit compared to TACE (training and testing, P < 0.001). This non-invasive deep learning method enables preoperative identification of proliferative HCC and supports personalized IAT treatment choices, potentially improving outcomes in unresectable HCC."
PubMed,data_efficiency_liver_ultrasound,Development and validation of a SOTA-based system for biliopancreatic segmentation and station recognition system in EUS.,"Zhang, Jingjie; Zhang, Jun; Chen, Hongsuo; Tian, Feilong; Zhang, Yu et al.",2025,Surgical endoscopy,10.1007/s00464-025-11858-3,https://pubmed.ncbi.nlm.nih.gov/40551029/,"BACKGROUND: Endoscopic ultrasound (EUS) is a vital tool for diagnosing biliopancreatic disease, offering detailed imaging to identify key abnormalities. Its interpretation demands expertise, which limits its accessibility for less trained practitioners. Thus, the creation of tools or systems to assist in interpreting EUS images is crucial for improving diagnostic accuracy and efficiency. OBJECTIVE: To develop an AI-assisted EUS system for accurate pancreatic and biliopancreatic duct segmentation, and evaluate its impact on endoscopists' ability to identify biliary-pancreatic diseases during segmentation and anatomical localization. METHODS: The EUS-AI system was designed to perform station positioning and anatomical structure segmentation. A total of 45,737 EUS images from 1852 patients were used for model training. Among them, 2881 images were for internal testing, and 2747 images from 208 patients were for external validation. Additionally, 340 images formed a man-machine competition test set. During the research process, various newer state-of-the-art (SOTA) deep learning algorithms were also compared. RESULTS: In classification, in the station recognition task, compared to the ResNet-50 and YOLOv8-CLS algorithms, the Mean Teacher algorithm achieved the highest accuracy, with an average of 95.60% (92.07%-99.12%) in the internal test set and 92.72% (88.30%-97.15%) in the external test set. For segmentation, compared to the UNet ++ and YOLOv8 algorithms, the U-Net v2 algorithm was optimal. Ultimately, the EUS-AI system was constructed using the optimal models from two tasks, and a man-machine competition experiment was conducted. The results demonstrated that the performance of the EUS-AI system significantly outperformed that of mid-level endoscopists, both in terms of position recognition (p < 0.001) and pancreas and biliopancreatic duct segmentation tasks (p < 0.001, p = 0.004). CONCLUSION: The EUS-AI system is expected to significantly shorten the learning curve for the pancreatic EUS examination and enhance procedural standardization."
PubMed,liver_ultrasound_segmentation_dl,Liver lesion segmentation in ultrasound: A benchmark and a baseline network.,"Li, Jialu; Zhu, Lei; Shen, Guibao; Zhao, Baoliang; Hu, Ying et al.",2025,Computerized medical imaging and graphics : the official journal of the Computerized Medical Imaging Society,10.1016/j.compmedimag.2025.102523,https://pubmed.ncbi.nlm.nih.gov/40112652/,"Accurate liver lesion segmentation in ultrasound is a challenging task due to high speckle noise, ambiguous lesion boundaries, and inhomogeneous intensity distribution inside the lesion regions. This work first collected and annotated a dataset for liver lesion segmentation in ultrasound. In this paper, we propose a novel convolutional neural network to learn dual self-attentive transformer features for boosting liver lesion segmentation by leveraging the complementary information among non-local features encoded at different layers of the transformer architecture. To do so, we devise a dual self-attention refinement (DSR) module to synergistically utilize self-attention and reverse self-attention mechanisms to extract complementary lesion characteristics between cascaded multi-layer feature maps, assisting the model to produce more accurate segmentation results. Moreover, we propose a False-Positive-Negative loss to enable our network to further suppress the non-liver-lesion noise at shallow transformer layers and enhance more target liver lesion details into CNN features at deep transformer layers. Experimental results show that our network outperforms state-of-the-art methods quantitatively and qualitatively."
Arxiv,liver_ultrasound_segmentation_dl,Navigated hepatic tumor resection using intraoperative ultrasound imaging,Karin Olthof; Theo Ruers; Tiziano Natali; Lisanne Venix; Jasper Smit et al.,2025,arXiv preprint,,http://arxiv.org/abs/2510.27596v1,"Purpose: This proof-of-concept study evaluates feasibility and accuracy of an ultrasound-based navigation system for open liver surgery. Unlike most conventional systems that rely on registration to preoperative imaging, the proposed system provides navigation-guided resection using 3D models generated from intraoperative ultrasound.   Methods: A pilot study was conducted in 25 patients undergoing resection of liver metastases. The first five cases served to optimize the workflow. Intraoperatively, an electromagnetic sensor compensated for organ motion, after which an ultrasound volume was acquired. Vasculature was segmented automatically and tumors semi-automatically using region-growing (n=15) or a deep learning algorithm (n=5). The resulting 3D model was visualized alongside tracked surgical instruments. Accuracy was assessed by comparing the distance between surgical clips and tumors in the navigation software with the same distance on a postoperative CT of the resected specimen.  "
PubMed,nnunet_liver_ultrasound,Automatic Segmentation and Alignment of Uterine Shapes from 3D Ultrasound Data.,"Boneš, Eva; Gergolet, Marco; Bohak, Ciril; Lesar, Žiga; Marolt, Matija",2024,Computers in biology and medicine,10.1016/j.compbiomed.2024.108794,https://pubmed.ncbi.nlm.nih.gov/38941903/,"BACKGROUND: The uterus is the most important organ in the female reproductive system. Its shape plays a critical role in fertility and pregnancy outcomes. Advances in medical imaging, such as 3D ultrasound, have significantly improved the exploration of the female genital tract, thereby enhancing gynecological healthcare. Despite well-documented data for organs like the liver and heart, large-scale studies on the uterus are lacking. Existing classifications, such as VCUAM and ESHRE/ESGE, provide different definitions for normal uterine shapes but are not based on real-world measurements. Moreover, the lack of comprehensive datasets significantly hinders research in this area. Our research, part of the larger NURSE study, aims to fill this gap by establishing the shape of a normal uterus using real-world 3D vaginal ultrasound scans. This will facilitate research into uterine shape abnormalities associated with infertility and recurrent miscarriages. METHODS: We developed an automated system for the segmentation and alignment of uterine shapes from 3D ultrasound data, which consists of two steps: automatic segmentation of the uteri in 3D ultrasound scans using deep learning techniques, and alignment of the resulting shapes with standard geometrical approaches, enabling the extraction of the normal shape for future analysis. The system was trained and validated on a comprehensive dataset of 3D ultrasound images from multiple medical centers. Its performance was evaluated by comparing the automated results with manual annotations provided by expert clinicians. RESULTS: The presented approach demonstrated high accuracy in segmenting and aligning uterine shapes from 3D ultrasound data. The segmentation achieved an average Dice similarity coefficient (DSC) of 0.90. Our method for aligning uterine shapes showed minimal translation and rotation errors compared to traditional methods, with the preliminary average shape exhibiting characteristics consistent with expert findings of a normal uterus. CONCLUSION: We have presented an approach to automatically segment and align uterine shapes from 3D ultrasound data. We trained a deep learning nnU-Net model that achieved high accuracy and proposed an alignment method using a combination of standard geometrical techniques. Additionally, we have created a publicly available dataset of 3D transvaginal ultrasound volumes with manual annotations of uterine cavities to support further research and development in this field. The dataset and the trained models are available at https://github.com/UL-FRI-LGM/UterUS."
PubMed,nnunet_liver_ultrasound,Automatic hepatic tumor segmentation in intra-operative ultrasound: a supervised deep-learning approach.,"Natali, Tiziano; Zhylka, Andrey; Olthof, Karin; Smit, Jasper N; Baetens, Tarik R et al.",2024,"Journal of medical imaging (Bellingham, Wash.)",10.1016/j.compmedimag.2022.102088,https://pubmed.ncbi.nlm.nih.gov/38481596/,"PURPOSE: Training and evaluation of the performance of a supervised deep-learning model for the segmentation of hepatic tumors from intraoperative US (iUS) images, with the purpose of improving the accuracy of tumor margin assessment during liver surgeries and the detection of lesions during colorectal surgeries. APPROACH: In this retrospective study, a U-Net network was trained with the nnU-Net framework in different configurations for the segmentation of CRLM from iUS. The model was trained on B-mode intraoperative hepatic US images, hand-labeled by an expert clinician. The model was tested on an independent set of similar images. The average age of the study population was 61.9 ± 9.9 years. Ground truth for the test set was provided by a radiologist, and three extra delineation sets were used for the computation of inter-observer variability. RESULTS: The presented model achieved a DSC of 0.84 ( CONCLUSION: The model can accurately segment hepatic tumors from iUS images and has the potential to speed up the resection margin definition during surgeries and the detection of lesion in screenings by automating iUS assessment."
PubMed,data_efficiency_liver_ultrasound,Liver Phantoms Cast in 3D-Printed Mold for Image-Guided Procedures.,"Elisei, Radu Claudiu; Graur, Florin; Melzer, Andreas; Moldovan, Sever Calin; Tiu, Calin et al.",2024,"Diagnostics (Basel, Switzerland)",10.3390/app10010052,https://pubmed.ncbi.nlm.nih.gov/39061658/,"INTRODUCTION: Image-guided invasive procedures on the liver require a steep learning curve to acquire the necessary skills. The best and safest way to achieve these skills is through hands-on courses that include simulations and phantoms of different complications, without any risks for patients. There are many liver phantoms on the market made of various materials; however, there are few multimodal liver phantoms, and only two are cast in a 3D-printed mold. METHODS: We created a virtual liver and 3D-printed mold by segmenting a CT scan. The InVesalius and Autodesk Fusion 360 software packages were used for segmentation and 3D modeling. Using this modular mold, we cast and tested silicone- and gelatin-based liver phantoms with tumor and vascular formations inside. We tested the gelatin liver phantoms for several procedures, including ultrasound diagnosis, elastography, fibroscan, ultrasound-guided biopsy, ultrasound-guided drainage, ultrasound-guided radio-frequency ablation, CT scan diagnosis, CT-ultrasound fusion, CT-guided biopsy, and MRI diagnosis. The phantoms were also used in hands-on ultrasound courses at four international congresses. RESULTS: We evaluated the feedback of 33 doctors regarding their experiences in using and learning on liver phantoms to validate our model for training in ultrasound procedures. CONCLUSIONS: We validated our liver phantom solution, demonstrating its positive impact on the education of young doctors who can safely learn new procedures thus improving the outcomes of patients with different liver pathologies."
PubMed,liver_ultrasound_segmentation_dl,Ultrasound guidance in navigated liver surgery: toward deep-learning enhanced compensation of deformation and organ motion.,"Smit, Jasper N; Kuhlmann, Koert F D; Thomson, Bart R; Kok, Niels F M; Ruers, Theo J M et al.",2024,International journal of computer assisted radiology and surgery,10.1093/ANNONC/MDW235,https://pubmed.ncbi.nlm.nih.gov/37249749/,"PURPOSE: Accuracy of image-guided liver surgery is challenged by deformation of the liver during the procedure. This study aims at improving navigation accuracy by using intraoperative deep learning segmentation and nonrigid registration of hepatic vasculature from ultrasound (US) images to compensate for changes in liver position and deformation. METHODS: This was a single-center prospective study of patients with liver metastases from any origin. Electromagnetic tracking was used to follow US and liver movement. A preoperative 3D model of the liver, including liver lesions, and hepatic and portal vasculature, was registered with the intraoperative organ position. Hepatic vasculature was segmented using a reduced 3D U-Net and registered to preoperative imaging after initial alignment followed by nonrigid registration. Accuracy was assessed as Euclidean distance between the tumor center imaged in the intraoperative US and the registered preoperative image. RESULTS: Median target registration error (TRE) after initial alignment was 11.6 mm in 25 procedures and improved to 6.9 mm after nonrigid registration (p = 0.0076). The number of TREs above 10 mm halved from 16 to 8 after nonrigid registration. In 9 cases, registration was performed twice after failure of the first attempt. The first registration cycle was completed in median 11 min (8:00-18:45 min) and a second in 5 min (2:30-10:20 min). CONCLUSION: This novel registration workflow using automatic vascular detection and nonrigid registration allows to accurately localize liver lesions. Further automation in the workflow is required in initial alignment and classification accuracy."
PubMed,liver_ultrasound_segmentation_dl,"A robust and automatic CT-3D ultrasound registration method based on segmentation, context, and edge hybrid metric.","He, Baochun; Zhao, Sheng; Dai, Yanmei; Wu, Jiaqi; Luo, Huoling et al.",2023,Medical physics,10.1002/mp.16396,https://pubmed.ncbi.nlm.nih.gov/36975007/,"BACKGROUND: The fusion of computed tomography (CT) and ultrasound (US) image can enhance lesion detection ability and improve the success rate of liver interventional radiology. The image-based fusion methods encounter the challenge of registration initialization due to the random scanning pose and limited field of view of US. Existing automatic methods those used vessel geometric information and intensity-based metric are sensitive to parameters and have low success rate. The learning-based methods require a large number of registered datasets for training. PURPOSE: The aim of this study is to provide a fully automatic and robust US-3D CT registration method without registered training data and user-specified parameters assisted by the revolutionary deep learning-based segmentation, which can further be used for preparing training samples for the study of learning-based methods. METHODS: We propose a fully automatic CT-3D US registration method by two improved registration metrics. We propose to use 3D U-Net-based multi-organ segmentation of US and CT to assist the conventional registration. The rigid transform is searched in the space of any paired vessel bifurcation planes where the best transform is decided by a segmentation overlap metric, which is more related to the segmentation precision than Dice coefficient. In nonrigid registration phase, we propose a hybrid context and edge based image similarity metric with a simple mask that can remove most noisy US voxels to guide the B-spline transform registration. We evaluate our method on 42 paired CT-3D US datasets scanned with two different US devices from two hospitals. We compared our methods with other exsiting methods with both quantitative measures of target registration error (TRE) and the Jacobian determinent with paired t-test and qualitative registration imaging results. RESULTS: The results show that our method achieves fully automatic rigid registration TRE of 4.895 mm, deformable registration TRE of 2.995 mm in average, which outperforms state-of-the-art automatic linear methods and nonlinear registration metrics with paired t-test's p value less than 0.05. The proposed overlap metric achieves better results than self similarity description (SSD), edge matching (EM), and block matching (BM) with p values of 1.624E-10, 4.235E-9, and 0.002, respectively. The proposed hybrid edge and context-based metric outperforms context-only, edge-only, and intensity statistics-only-based metrics with p values of 0.023, 3.81E-5, and 1.38E-15, respectively. The 3D US segmentation has achieved mean Dice similarity coefficient (DSC) of 0.799, 0.724, 0.788, and precision of 0.871, 0.769, 0.862 for gallbladder, vessel, and branch vessel, respectively. CONCLUSIONS: The deep learning-based US segmentation can achieve satisfied result to assist robust conventional rigid registration. The Dice similarity coefficient-based metrics, hybrid context, and edge image similarity metric contribute to robust and accurate registration."
PubMed,liver_ultrasound_segmentation_dl,An Automated Method for Classifying Liver Lesions in Contrast-Enhanced Ultrasound Imaging Based on Deep Learning Algorithms.,"Mămuleanu, Mădălin; Urhuț, Cristiana Marinela; Săndulescu, Larisa Daniela; Kamal, Constantin; Pătrașcu, Ana-Maria et al.",2023,"Diagnostics (Basel, Switzerland)",10.1109/TUFFC.2022.3161719,https://pubmed.ncbi.nlm.nih.gov/36980369/,"BACKGROUND: Contrast-enhanced ultrasound (CEUS) is an important imaging modality in the diagnosis of liver tumors. By using contrast agent, a more detailed image is obtained. Time-intensity curves (TIC) can be extracted using a specialized software, and then the signal can be analyzed for further investigations. METHODS: The purpose of the study was to build an automated method for extracting TICs and classifying liver lesions in CEUS liver investigations. The cohort contained 50 anonymized video investigations from 49 patients. Besides the CEUS investigations, clinical data from the patients were provided. A method comprising three modules was proposed. The first module, a lesion segmentation deep learning (DL) model, handled the prediction of masks frame-by-frame (region of interest). The second module performed dilation on the mask, and after applying colormap to the image, it extracted the TIC and the parameters from the TIC (area under the curve, time to peak, mean transit time, and maximum intensity). The third module, a feed-forward neural network, predicted the final diagnosis. It was trained on the TIC parameters extracted by the second model, together with other data: gender, age, hepatitis history, and cirrhosis history. RESULTS: For the feed-forward classifier, five classes were chosen: hepatocarcinoma, metastasis, other malignant lesions, hemangioma, and other benign lesions. Being a multiclass classifier, appropriate performance metrics were observed: categorical accuracy, F1 micro, F1 macro, and Matthews correlation coefficient. The results showed that due to class imbalance, in some cases, the classifier was not able to predict with high accuracy a specific lesion from the minority classes. However, on the majority classes, the classifier can predict the lesion type with high accuracy. CONCLUSIONS: The main goal of the study was to develop an automated method of classifying liver lesions in CEUS video investigations. Being modular, the system can be a useful tool for gastroenterologists or medical students: either as a second opinion system or a tool to automatically extract TICs."
PubMed,liver_ultrasound_segmentation_dl,"Artificial Intelligence-powered automatic volume calculation in medical images - available tools, performance and challenges for nuclear medicine.","Wendler, Thomas; Kreissl, Michael C; Schemmer, Benedikt; Rogasch, Julian Manuel Michael; De Benetti, Francesca",2023,Nuklearmedizin. Nuclear medicine,10.3413/Nukmed-0823-16-04,https://pubmed.ncbi.nlm.nih.gov/37995707/,"Volumetry is crucial in oncology and endocrinology, for diagnosis, treatment planning, and evaluating response to therapy for several diseases. The integration of Artificial Intelligence (AI) and Deep Learning (DL) has significantly accelerated the automatization of volumetric calculations, enhancing accuracy and reducing variability and labor. In this review, we show that a high correlation has been observed between Machine Learning (ML) methods and expert assessments in tumor volumetry; Yet, it is recognized as more challenging than organ volumetry. Liver volumetry has shown progression in accuracy with a decrease in error. If a relative error below 10 % is acceptable, ML-based liver volumetry can be considered reliable for standardized imaging protocols if used in patients without major anomalies. Similarly, ML-supported automatic kidney volumetry has also shown consistency and reliability in volumetric calculations. In contrast, AI-supported thyroid volumetry has not been extensively developed, despite initial works in 3D ultrasound showing promising results in terms of accuracy and reproducibility. Despite the advancements presented in the reviewed literature, the lack of standardization limits the generalizability of ML methods across diverse scenarios. The domain gap, i. e., the difference in probability distribution of training and inference data, is of paramount importance before clinical deployment of AI, to maintain accuracy and reliability in patient care. The increasing availability of improved segmentation tools is expected to further incorporate AI methods into routine workflows where volumetry will play a more prominent role in radionuclide therapy planning and quantitative follow-up of disease evolution."
PubMed,liver_ultrasound_segmentation_dl,Artificial intelligence - based ultrasound elastography for disease evaluation - a narrative review.,"Zhang, Xian-Ya; Wei, Qi; Wu, Ge-Ge; Tang, Qi; Pan, Xiao-Fang et al.",2023,Frontiers in oncology,10.1109/CVPR.2017.697,https://pubmed.ncbi.nlm.nih.gov/37333814/,"Ultrasound elastography (USE) provides complementary information of tissue stiffness and elasticity to conventional ultrasound imaging. It is noninvasive and free of radiation, and has become a valuable tool to improve diagnostic performance with conventional ultrasound imaging. However, the diagnostic accuracy will be reduced due to high operator-dependence and intra- and inter-observer variability in visual observations of radiologists. Artificial intelligence (AI) has great potential to perform automatic medical image analysis tasks to provide a more objective, accurate and intelligent diagnosis. More recently, the enhanced diagnostic performance of AI applied to USE have been demonstrated for various disease evaluations. This review provides an overview of the basic concepts of USE and AI techniques for clinical radiologists and then introduces the applications of AI in USE imaging that focus on the following anatomical sites: liver, breast, thyroid and other organs for lesion detection and segmentation, machine learning (ML) - assisted classification and prognosis prediction. In addition, the existing challenges and future trends of AI in USE are also discussed."
PubMed,liver_ultrasound_segmentation_dl,Artificial intelligence: A review of current applications in hepatocellular carcinoma imaging.,"Pellat, Anna; Barat, Maxime; Coriat, Romain; Soyer, Philippe; Dohan, Anthony",2023,Diagnostic and interventional imaging,10.1016/j.diii.2022.10.001,https://pubmed.ncbi.nlm.nih.gov/36272931/,"Hepatocellular carcinoma (HCC) is the most common type of primary liver cancer and currently the third-leading cause of cancer-related death worldwide. Recently, artificial intelligence (AI) has emerged as an important tool to improve clinical management of HCC, including for diagnosis, prognostication and evaluation of treatment response. Different AI approaches, such as machine learning and deep learning, are both based on the concept of developing prediction algorithms from large amounts of data, or big data. The era of digital medicine has led to a rapidly expanding amount of routinely collected health data which can be leveraged for the development of AI models. Various studies have constructed AI models by using features extracted from ultrasound imaging, computed tomography imaging and magnetic resonance imaging. Most of these models have used convolutional neural networks. These tools have shown promising results for HCC detection, characterization of liver lesions and liver/tumor segmentation. Regarding treatment, studies have outlined a role for AI in evaluation of treatment response and improvement of pre-treatment planning. Several challenges remain to fully integrate AI models in clinical practice. Future research is still needed to robustly evaluate AI algorithms in prospective trials, and improve interpretability, generalizability and transparency. If such challenges can be overcome, AI has the potential to profoundly change the management of patients with HCC. The purpose of this review was to sum up current evidence on AI approaches using imaging for the clinical management of HCC."
PubMed,liver_ultrasound_segmentation_dl,Automated fatty liver disease detection in point-of-care ultrasound B-mode images.,"Ibrahim, Miriam Naim; Blázquez-García, Raul; Lightstone, Adi; Meng, Fankun; Bhat, Mamatha et al.",2023,"Journal of medical imaging (Bellingham, Wash.)",10.3748/wjg.v25.i11.1307,https://pubmed.ncbi.nlm.nih.gov/37284231/,"PURPOSE: Non-alcoholic fatty liver disease (NAFLD) is an increasing global health concern, with a prevalence of 25% worldwide. The rising incidence of NAFLD, an asymptomatic condition, reinforces the need for systematic screening strategies in primary care. We present the use of non-expert acquired point-of-care ultrasound (POCUS) B-mode images for the development of an automated steatosis classification algorithm. APPROACH: We obtained a Health Insurance Portability and Accountability Act compliant dataset consisting of 478 patients [body mass index  RESULTS: On a hold-out test set of 81 patients, the final DenseNet-121 model yielded an area under the receiver operator characteristic curve of 90.1%, sensitivity of 95.0%, and specificity of 85.2% for the detection of liver steatosis. Average cross-validation performance in models using patches of liver parenchyma as input outperformed methods using complete B-mode frames. CONCLUSIONS: Despite minimal POCUS acquisition training, and low-quality B-mode images, it is possible to detect steatosis using DL algorithms. Implementation of this algorithm in POCUS software may offer an accessible, low-cost steatosis screening technology, for use by non-expert health care personnel."
PubMed,liver_ultrasound_segmentation_dl,Improving artificial intelligence pipeline for liver malignancy diagnosis using ultrasound images and video frames.,"Xu, Yiming; Zheng, Bowen; Liu, Xiaohong; Wu, Tao; Ju, Jinxiu et al.",2023,Briefings in bioinformatics,10.1093/bib/bbac569,https://pubmed.ncbi.nlm.nih.gov/36575566/,"Recent developments of deep learning methods have demonstrated their feasibility in liver malignancy diagnosis using ultrasound (US) images. However, most of these methods require manual selection and annotation of US images by radiologists, which limit their practical application. On the other hand, US videos provide more comprehensive morphological information about liver masses and their relationships with surrounding structures than US images, potentially leading to a more accurate diagnosis. Here, we developed a fully automated artificial intelligence (AI) pipeline to imitate the workflow of radiologists for detecting liver masses and diagnosing liver malignancy. In this pipeline, we designed an automated mass-guided strategy that used segmentation information to direct diagnostic models to focus on liver masses, thus increasing diagnostic accuracy. The diagnostic models based on US videos utilized bi-directional convolutional long short-term memory modules with an attention-boosted module to learn and fuse spatiotemporal information from consecutive video frames. Using a large-scale dataset of 50 063 US images and video frames from 11 468 patients, we developed and tested the AI pipeline and investigated its applications. A dataset of annotated US images is available at https://doi.org/10.5281/zenodo.7272660."
PubMed,data_efficiency_liver_ultrasound,Noninvasive Prediction of Ki-67 Expression in Hepatocellular Carcinoma Using Machine Learning-Based Ultrasomics: A Multicenter Study.,"Zhang, Linlin; Duan, Shaobo; Qi, Qinghua; Li, Qian; Ren, Shanshan et al.",2023,Journal of ultrasound in medicine : official journal of the American Institute of Ultrasound in Medicine,10.1002/jum.16126,https://pubmed.ncbi.nlm.nih.gov/36412932/,"OBJECTIVES: To investigate the ability of ultrasomics to predict Ki-67 expression in hepatocellular carcinoma (HCC). METHODS: A total of 244 patients from three hospitals were retrospectively recruited (training dataset, n = 168; test dataset, n = 43; and validation dataset, n = 33). Lesion segmentation of the ultrasound images was performed manually by two radiologists. In total, 1409 ultrasomics features were extracted. Feature selection was conducted using the intra-class correlation coefficient, variance threshold, mutual information, and recursive feature elimination plus eXtreme Gradient Boosting. The support vector machine was combined with the learning curve and grid search parameter tuning to construct the clinical, ultrasomics, and combined models. The predictive performance of the models was assessed using the area under the receiver operating characteristic curve (AUC), sensitivity, specificity and accuracy. RESULTS: The ultrasomics model performed well on the training, test, and validation datasets. The AUC (95% confidence interval [CI]) for these datasets were 0.955 (0.912-0.981), 0.861 (0.721-0.947), and 0.665 (0.480-0.819), respectively. The combination of ultrasomics and clinical features significantly improved model performance on all three datasets. The AUC (95% CI), sensitivity, specificity, and accuracy were 0.986 (0.955-0.998), 0.973, 0.840, and 0.869 on the training dataset; 0.871 (0.734-0.954), 0.750, 0.829, and 0.814 on the test dataset; and 0.742 (0.560-0.878), 0.714, 0.808, and 0.788 on the validation dataset, respectively. CONCLUSIONS: Ultrasomics was proved to be a potential noninvasive method to predict Ki-67 expression in HCC."
PubMed,liver_ultrasound_segmentation_dl,A Deep Learning Approach for Liver and Tumor Segmentation in CT Images Using ResUNet.,"Rahman, Hameedur; Bukht, Tanvir Fatima Naik; Imran, Azhar; Tariq, Junaid; Tu, Shanshan et al.",2022,"Bioengineering (Basel, Switzerland)",10.1016/j.artmed.2017.03.008,https://pubmed.ncbi.nlm.nih.gov/36004893/,"According to the most recent estimates from global cancer statistics for 2020, liver cancer is the ninth most common cancer in women. Segmenting the liver is difficult, and segmenting the tumor from the liver adds some difficulty. After a sample of liver tissue is taken, imaging tests, such as magnetic resonance imaging (MRI), computer tomography (CT), and ultrasound (US), are used to segment the liver and liver tumor. Due to overlapping intensity and variability in the position and shape of soft tissues, segmentation of the liver and tumor from computed abdominal tomography images based on shade gray or shapes is undesirable. This study proposed a more efficient method for segmenting liver and tumors from CT image volumes using a hybrid ResUNet model, combining the ResNet and UNet models to address this gap. The two overlapping models were primarily used in this study to segment the liver and for region of interest (ROI) assessment. Segmentation of the liver is done to examine the liver with an abdominal CT image volume. The proposed model is based on CT volume slices of patients with liver tumors and evaluated on the public 3D dataset IRCADB01. Based on the experimental analysis, the true value accuracy for liver segmentation was found to be approximately 99.55%, 97.85%, and 98.16%. The authentication rate of the dice coefficient also increased, indicating that the experiment went well and that the model is ready to use for the detection of liver tumors."
PubMed,liver_ultrasound_segmentation_dl,Deep Learning Algorithms in the Automatic Segmentation of Liver Lesions in Ultrasound Investigations.,"Mămuleanu, Mădălin; Urhuț, Cristiana Marinela; Săndulescu, Larisa Daniela; Kamal, Constantin; Pătrașcu, Ana-Maria et al.",2022,"Life (Basel, Switzerland)",10.1055/s-0029-1245851,https://pubmed.ncbi.nlm.nih.gov/36431012/,"BACKGROUND: The ultrasound is one of the most used medical imaging investigations worldwide. It is non-invasive and effective in assessing liver tumors or other types of parenchymal changes. METHODS: The aim of the study was to build a deep learning model for image segmentation in ultrasound video investigations. The dataset used in the study was provided by the University of Medicine and Pharmacy Craiova, Romania and contained 50 video examinations from 49 patients. The mean age of the patients in the cohort was 69.57. Regarding presence of a subjacent liver disease, 36.73% had liver cirrhosis and 16.32% had chronic viral hepatitis (5 patients: chronic hepatitis C and 3 patients: chronic hepatitis B). Frames were extracted and cropped from each examination and an expert gastroenterologist labelled the lesions in each frame. After labelling, the labels were exported as binary images. A deep learning segmentation model (U-Net) was trained with focal Tversky loss as a loss function. Two models were obtained with two different sets of parameters for the loss function. The performance metrics observed were intersection over union and recall and precision. RESULTS: Analyzing the intersection over union metric, the first segmentation model obtained performed better compared to the second model: 0.8392 (model 1) vs. 0.7990 (model 2). The inference time for both models was between 32.15 milliseconds and 77.59 milliseconds. CONCLUSIONS: Two segmentation models were obtained in the study. The models performed similarly during training and validation. However, one model was trained to focus on hard-to-predict labels. The proposed segmentation models can represent a first step in automatically extracting time-intensity curves from CEUS examinations."
PubMed,liver_ultrasound_segmentation_dl,Deep learning for image-based liver analysis - A comprehensive review focusing on malignant lesions.,"Survarachakan, Shanmugapriya; Prasad, Pravda Jith Ray; Naseem, Rabia; Pérez de Frutos, Javier; Kumar, Rahul Prasanna et al.",2022,Artificial intelligence in medicine,10.1016/j.artmed.2022.102331,https://pubmed.ncbi.nlm.nih.gov/35809970/,"Deep learning-based methods, in particular, convolutional neural networks and fully convolutional networks are now widely used in the medical image analysis domain. The scope of this review focuses on the analysis using deep learning of focal liver lesions, with a special interest in hepatocellular carcinoma and metastatic cancer; and structures like the parenchyma or the vascular system. Here, we address several neural network architectures used for analyzing the anatomical structures and lesions in the liver from various imaging modalities such as computed tomography, magnetic resonance imaging and ultrasound. Image analysis tasks like segmentation, object detection and classification for the liver, liver vessels and liver lesions are discussed. Based on the qualitative search, 91 papers were filtered out for the survey, including journal publications and conference proceedings. The papers reviewed in this work are grouped into eight categories based on the methodologies used. By comparing the evaluation metrics, hybrid models performed better for both the liver and the lesion segmentation tasks, ensemble classifiers performed better for the vessel segmentation tasks and combined approach performed better for both the lesion classification and detection tasks. The performance was measured based on the Dice score for the segmentation, and accuracy for the classification and detection tasks, which are the most commonly used metrics."
PubMed,liver_ultrasound_segmentation_dl,Multimodal Imaging under Artificial Intelligence Algorithm for the Diagnosis of Liver Cancer and Its Relationship with Expressions of EZH2 and p57.,"Zhang, Yamin; Cui, Jie; Wan, Wei; Liu, Jinpeng",2022,Computational intelligence and neuroscience,10.3389/fncom.2019.00044,https://pubmed.ncbi.nlm.nih.gov/35321452/,"OBJECTIVE: It aimed to explore the diagnostic efficacy of multimodal ultrasound images based on mask region with convolutional neural network (M-RCNN) segmentation algorithm for small liver cancer and analyze the expression of zeste gene enhancer homolog 2 (EZH2) and p57 (P57 Kip2) genes in cancer cells. METHODS: A total of 100 patients suspected of small liver cancer were randomly divided into Doppler group (color Doppler ultrasound examination), contrast group (contrast ultrasound examination), elastic group (ultrasound elastography examination), and multimodal group (combined examination of the three methods), with 25 patients in each group. Images were processed by the M-RCNN segmentation algorithm. The results of the pathological biopsy were used to evaluate the diagnostic efficacy of the four methods. The liver tissues were then extracted and divided into observation group 1 (lesion tissue specimen), observation group 2 (liver tissue around cancer lesion), and control group (normal liver tissue), and the expression activities of EZH2 and p57 genes in the three groups were analyzed. RESULTS: The accuracy of M-RCNN (97.23%) and average precision (AP) (71.90%) were higher than other methods ( CONCLUSIONS: M-RCNN segmentation algorithm had a better segmentation effect. Multimodal ultrasound had a good effect on the benign and malignant diagnosis of small liver cancer and had a high clinical application value. The high expression of EZH2 and the decreased expression of p57 can promote the occurrence of small hepatocellular carcinoma, and the deficiency of the P57 gene was related to the low differentiation of cancer cells."
PubMed,liver_ultrasound_segmentation_dl,A deep learning approach for 2D ultrasound and 3D CT/MR image registration in liver tumor ablation.,"Wei, Wei; Haishan, Xu; Alpers, Julian; Rak, Marko; Hansen, Christian",2021,Computer methods and programs in biomedicine,10.1016/j.cmpb.2021.106117,https://pubmed.ncbi.nlm.nih.gov/34022696/,"BACKGROUND AND OBJECTIVE: Liver tumor ablation is often guided by ultrasound (US). Due to poor image quality, intraoperative US is fused with preoperative computed tomography or magnetic tomography (CT/MR) images to provide visual guidance. As of today, the underlying 2D US to 3D CT/MR registration problem remains a very challenging task. METHODS: We propose a novel pipeline to address this registration problem. Contrary to previous work, we do not formulate the problem as a regression task, which - for the given registration problem - achieves a low performance regarding accuracy and robustness due to the limited US soft-tissue contrast and the inter-patient variability on liver vessels. Instead, we first estimate the US probe angle roughly by using a classification network. Given this coarse initialization, we then improve the registration by formulation of the problem as a segmentation task, estimating the US plane in the 3D CT/MR through segmentation. RESULTS: We benchmark our approach on 1035 clinical images from 52 patients, yielding average registration errors of 11.6 CONCLUSION: Our results show the efficiency of the proposed registration pipeline, which has potential to improve the robustness and accuracy of intraoperative patient registration."
PubMed,liver_ultrasound_segmentation_dl,ASU-Net++: A nested U-Net with adaptive feature extractions for liver tumor segmentation.,"Gao, Qinhan; Almekkawy, Mohamed",2021,Computers in biology and medicine,10.1016/j.compbiomed.2021.104688,https://pubmed.ncbi.nlm.nih.gov/34523421/,"Locating tumors from medical images is of high importance in medical analysis and diagnosis. To tackle the complicated shape of tumors, we propose a multi-leves.l feature extraction neural network to automatically segment the data. Our proposed model is trained and tested with one liver tumor ultrasound and two CT datasets. We employ ++, a collaborative model that uses modified nested U-Net, as our backbone. The model is integrated with dilated dense short skip connections within convolution blocks to further improve the gradient flow and feature preservation. In addition, we modify the original Atrous Spatial Pyramid Pooling (ASPP) to an adaptive pooling structure for better compatibility with nested U-Net. Adaptive ASPP is designed to extract features from different levels and cover the increasing range of feature extraction with regard to the depth of the nested network. Our model showed its advantage in accurately segmenting different tumor sizes with complex edges and was able to generalize with small and diverse datasets. We further improved our model with the newly introduced AdaBelief optimizer and achieved a faster convergence rate. Segmentation results showed that the proposed model outperformed multiple network structures, and achieved a 0.9153 dice coefficient for the ultrasound dataset, a 0.9413 and a 0.9246 dice coefficient for the two CT datasets."
PubMed,liver_ultrasound_segmentation_dl,Joint segmentation and classification of hepatic lesions in ultrasound images using deep learning.,"Ryu, Hwaseong; Shin, Seung Yeon; Lee, Jae Young; Lee, Kyoung Mu; Kang, Hyo-Jin et al.",2021,European radiology,10.1007/s13369-016-2387-9,https://pubmed.ncbi.nlm.nih.gov/33881566/,"OBJECTIVES: To develop a convolutional neural network system to jointly segment and classify a hepatic lesion selected by user clicks in ultrasound images. METHODS: In total, 4309 anonymized ultrasound images of 3873 patients with hepatic cyst (n = 1214), hemangioma (n = 1220), metastasis (n = 1001), or hepatocellular carcinoma (HCC) (n = 874) were collected and annotated. The images were divided into 3909 training and 400 test images. Our network is composed of one shared encoder and two inference branches used for segmentation and classification and takes the concatenation of an input image and two Euclidean distance maps of foreground and background clicks provided by a user as input. The performance of hepatic lesion segmentation was evaluated based on the Jaccard index (JI), and the performance of classification was based on accuracy, sensitivity, specificity, and the area under the receiver operating characteristic curve (AUROC). RESULTS: We achieved performance improvements by jointly conducting segmentation and classification. In the segmentation only system, the mean JI was 68.5%. In the classification only system, the accuracy of classifying four types of hepatic lesions was 79.8%. The mean JI and classification accuracy were 68.5% and 82.2%, respectively, for the proposed joint system. The optimal sensitivity and specificity and the AUROC of classifying benign and malignant hepatic lesions of the joint system were 95.0%, 86.0%, and 0.970, respectively. The respective sensitivity, specificity, and the AUROC for classifying four hepatic lesions of the joint system were 86.7%, 89.7%, and 0.947. CONCLUSIONS: The proposed joint system exhibited fair performance compared to segmentation only and classification only systems. KEY POINTS: • The joint segmentation and classification system using deep learning accurately segmented and classified hepatic lesions selected by user clicks in US examination. • The joint segmentation and classification system for hepatic lesions in US images exhibited higher performance than segmentation only and classification only systems. • The joint segmentation and classification system could assist radiologists with minimal experience in US imaging by characterizing hepatic lesions."
PubMed,liver_ultrasound_segmentation_dl,Detection and Monitoring of Thermal Lesions Induced by Microwave Ablation Using Ultrasound Imaging and Convolutional Neural Networks.,"Zhang, Siyuan; Wu, Shan; Shang, Shaoqiang; Qin, Xuewei; Jia, Xin et al.",2020,IEEE journal of biomedical and health informatics,10.1109/JBHI.2019.2939810,https://pubmed.ncbi.nlm.nih.gov/31502996/,"Microwave ablation (MWA) for cancer treatment is frequently monitored by ultrasound (US) B-mode imaging in the clinic, which often fails due to the low intrinsic contrast between the thermal lesion and normal tissue. Deep learning, especially convolutional neural network (CNN), has shown significant improvements in medical image analysis. Here, we propose and evaluate an US imaging based on a CNN architecture for the detection and monitoring of thermal lesions induced by MWA in porcine livers. Unlike dealing with images in many visual object recognition tasks, US radiofrequency (RF) data backscattered from the ablated region were utilized to capture features related to the thermal lesion. The dataset comprised of 1640 US RF envelope data matrices and their corresponding gross-pathology images, and were utilized for training and testing. After envelope detection, US B-mode, segmentation results based on CNN (SI"
PubMed,liver_ultrasound_segmentation_dl,Estimating 3-dimensional liver motion using deep learning and 2-dimensional ultrasound images.,"Yagasaki, Shiho; Koizumi, Norihiro; Nishiyama, Yu; Kondo, Ryosuke; Imaizumi, Tsubasa et al.",2020,International journal of computer assisted radiology and surgery,10.1007/s11548-020-02265-1,https://pubmed.ncbi.nlm.nih.gov/33009985/,"PURPOSE: The main purpose of this study is to construct a system to track the tumor position during radiofrequency ablation (RFA) treatment. Existing tumor tracking systems are designed to track a tumor in a two-dimensional (2D) ultrasound (US) image. As a result, the three-dimensional (3D) motion of the organs cannot be accommodated and the ablation area may be lost. In this study, we propose a method for estimating the 3D movement of the liver as a preliminary system for tumor tracking. Additionally, in current 3D movement estimation systems, the motion of different structures during RFA could reduce the tumor visibility in US images. Therefore, we also aim to improve the estimation of the 3D movement of the liver by improving the liver segmentation. We propose a novel approach to estimate the relative 6-axial movement (x, y, z, roll, pitch, and yaw) between the liver and the US probe in order to estimate the overall movement of the liver. METHOD: We used a convolutional neural network (CNN) to estimate the 3D displacement from two-dimensional US images. In addition, to improve the accuracy of the estimation, we introduced a segmentation map of the liver region as the input for the regression network. Specifically, we improved the extraction accuracy of the liver region by using a bi-directional convolutional LSTM U-Net with densely connected convolutions (BCDU-Net). RESULTS: By using BCDU-Net, the accuracy of the segmentation was dramatically improved, and as a result, the accuracy of the movement estimation was also improved. The mean absolute error for the out-of-plane direction was 0.0645 mm/frame. CONCLUSION: The experimental results show the effectiveness of our novel method to identify the movement of the liver by BCDU-Net and CNN. Precise segmentation of the liver by BCDU-Net also contributes to enhancing the performance of the liver movement estimation."
Arxiv,liver_ultrasound_segmentation_dl,Shape Detection In 2D Ultrasound Images,Ruturaj Gole; Haixia Wu; Subho Ghose,2019,arXiv preprint,,http://arxiv.org/abs/1911.09863v1,"Ultrasound images are one of the most widely used techniques in clinical settings to analyze and detect different organs for study or diagnoses of diseases. The dependence on subjective opinions of experts such as radiologists calls for an automatic recognition and detection system that can provide an objective analysis. Previous work done on this topic is limited and can be classified by the organ of interest. Hybrid neural networks, linear and logistic regression models, 3D reconstructed models, and various machine learning techniques have been used to solve complex problems such as detection of lesions and cancer. Our project aims to use Dual Path Networks (DPN) to segment and detect shapes in ultrasound images taken from 3D printed models of the liver. Further the DPN deep architectures could be coupled with Fully Convolutional Network (FCN) to refine the results. Data denoised with various filters would be used to gauge how they fare against each other and provide the best results"
